{
    "Negative": {
        "precision": 0.9240546552272005,
        "recall": 0.8510389230318993,
        "f1-score": 0.886045094454601,
        "support": 3417
    },
    "Positive": {
        "precision": 0.9257259594338246,
        "recall": 0.9636943642716087,
        "f1-score": 0.9443286692467996,
        "support": 6583
    },
    "accuracy": 0.9252,
    "macro avg": {
        "precision": 0.9248903073305126,
        "recall": 0.907366643651754,
        "f1-score": 0.9151868818507003,
        "support": 10000
    },
    "weighted avg": {
        "precision": 0.9251548747864212,
        "recall": 0.9252,
        "f1-score": 0.9244131717403054,
        "support": 10000
    },
    "train_time": 23944.799021720886,
    "eval_time": 5801.308262825012
}