{
    "Negative": {
        "precision": 0.8830854375648565,
        "recall": 0.7471466198419666,
        "f1-score": 0.8094483195941661,
        "support": 3417
    },
    "Positive": {
        "precision": 0.878463918975946,
        "recall": 0.94865562813307,
        "f1-score": 0.9122115103710196,
        "support": 6583
    },
    "accuracy": 0.8798,
    "macro avg": {
        "precision": 0.8807746782704012,
        "recall": 0.8479011239875183,
        "f1-score": 0.8608299149825929,
        "support": 10000
    },
    "weighted avg": {
        "precision": 0.8800430918777767,
        "recall": 0.8798,
        "f1-score": 0.8770973280825687,
        "support": 10000
    },
    "train_time": 65.61854267120361,
    "eval_time": 62.782756090164185
}